Ticker,12-1 Month Momentum %,14-Day RSI,3-Year Average Share Buyback Ratio,3-Year Book Growth Rate,3-Year Dividend Growth Rate,3-Year EBITDA Growth Rate,3-Year EPS without NRI Growth Rate,3-Year FCF Growth Rate,3-Year Revenue Growth Rate,5-Day RSI,5-Year Yield-on-Cost %,6-1 Month Momentum %,9-Day RSI,Altman Z-Score,Cash Ratio,Cash-To-Debt,Current Ratio,Days Inventory,Days Payable,Days Sales Outstanding,Debt-to-EBITDA,Debt-to-Equity,Distress,Dividend Payout Ratio,Dividend Yield %,EV-to-EBIT,EV-to-EBITDA,EV-to-FCF,EV-to-Forward-EBIT,EV-to-Forward-EBITDA,EV-to-Forward-Revenue,EV-to-Revenue,Earnings Yield (Greenblatt) %,Equity-to-Asset,FCF Margin %,FCF Yield %,Forward Dividend Yield %,Forward PE Ratio,Forward Rate of Return (Yacktman) %,Future 3-5Y EPS without NRI Growth Rate,Future 3-5Y Total Revenue Growth Rate,GFValue,Gross Margin %,Interest Coverage,N/A,Net Margin %,Not Manipulator,Operating Margin %,PB Ratio,PE Ratio,PE Ratio without NRI,PEG Ratio,PS Ratio,Piotroski F-Score,Price-to-DCF (Earnings Based),Price-to-DCF (FCF Based),Price-to-FFO,Price-to-Free-Cash-Flow,Price-to-Graham-Number,Price-to-Median-PS-Value,Price-to-Net-Cash,Price-to-Net-Current-Asset-Value,Price-to-Operating-Cash-Flow,Price-to-Owner-Earnings,Price-to-Peter-Lynch-Fair-Value,Price-to-Projected-FCF,Price-to-Tangible-Book,Quick Ratio,ROA %,ROC (Joel Greenblatt) %,ROCE %,ROE %,ROIC %,Safe,Shareholder Yield %,Shiller PE Ratio,WACC,Years of Profitability over Past 10-Year,Market Capitalization,Industry,Sector
AAPL,22.71,49.65,2.9,1.3,5.7,20.9,23.2,14.6,15.7,51.95,0.69,3.9,49.98,8.53,0.55,0.68,1.07,11.88,92.38,21.56,0.81,1.46,,0.15,0.51,24.23,22.14,27.53,24.49,22.41,7.58,7.63,4.13,0.21,27.71,3.66,0.51,28.99,21.17,12.46,2.68,178.43,45.03,40.5,,26.16,,30.76,39.43,29.42,29.42,1.74,7.73,,1.21,1.32,,27.75,7.18,1.93,,,25.47,29.45,1.61,2.2,39.42,1.02,29.33,279.4,57.36,159.97,34.58,,3.47,44.54,,10,2736146930271.0005,Telecommunications Equipment,Electronic Technology
ABBV,9.15,74.85,,,9.6,18.2,8.3,16.6,13.4,77.66,7.15,7.65,76.42,2.14,0.38,0.22,0.96,66.58,52.46,75.76,3.62,5.02,,0.67,3.44,34.99,21.2,14.4,14.18,13.6,6.56,6.55,2.86,0.09,45.53,8.05,3.56,15.41,26.48,9.5,1.38,135.77,62.42,6.64,,8.95,,24.92,25.41,63.77,19.64,0.99,5.75,,1.23,0.45,,12.54,,1.28,,,12.16,19.72,0.84,1.42,,0.84,3.54,206.51,9.61,34.02,9.33,,7.75,38.01,,10,268498884868.0,Pharmaceuticals: Major,Health Technology
ABT,4.31,49.14,0.5,6.2,13.7,16.4,23.1,20.5,11.4,38.69,3.45,7.06,44.58,5.15,0.54,0.45,1.74,130.37,85.61,57,1.53,0.41,,0.49,1.86,28.24,20.12,45.34,21.88,18.98,4.85,5.08,3.54,0.52,11.2,2.31,1.97,24.21,17.49,0.9,3.02,108.63,55.19,11.82,,14.27,,16.15,5.18,34.3,26.86,1.7,4.9,,1.12,3.06,,43.57,7,1.23,,,29.92,32.63,1.94,1.8,39.37,1.23,7.81,74.02,12.19,15.55,10.69,,2.98,43.51,,10,176555322492.0,Medical Specialties,Health Technology
ACN,20.2,61.96,0.3,15.1,11.9,7.8,16.1,6.2,13.6,61.61,2.18,10.02,60.87,8.3,0.41,2.32,1.33,,20.67,69.65,0.29,0.12,,0.4,1.3,24.65,21.35,25.14,22.98,18.9,3.45,3.51,4.06,0.52,13.98,3.87,1.39,30.86,15.13,12.3,6.75,342.66,32.5,160.43,,10.65,,13.6,8.73,34.45,32.15,2.87,3.66,,1.79,1.13,,26.32,6.34,1.34,,,24.91,37.72,2.7,1.92,28.09,1.33,13.89,213.29,28.33,27.64,20.55,,2.54,43.12,,10,207617355910.0,Information Technology Services,Technology Services
ADBE,55.98,57.31,1.7,9.4,,17.7,14.1,11.4,16.8,59.83,,14.1,58.06,15.7,0.95,1.92,1.34,,51.51,36.2,0.52,0.25,,,,39.74,35.29,39.57,28.43,26.25,13.05,14.15,2.52,0.56,35.77,2.45,,34.97,22.05,15.1,11.31,574.15,87.87,58.85,,27.97,,34.26,17.28,53.11,45.19,2.11,14.8,,1.45,1.33,,41.48,14.78,1.17,,,39.5,55.51,2.08,2.98,108.7,1.34,19.31,290.37,34.43,36,21.47,,1.67,89.99,,10,241068062221.0,Packaged Software,Technology Services
ADP,5.05,71.55,1.4,,10.8,13.1,11.6,16.2,8.4,71.03,3.7,,73.73,2.34,0.03,0.5,1.01,,2.87,64.89,0.6,0.77,,0.6,2.06,21.18,19.03,30.91,21.09,17.46,5.46,5.93,4.72,0.08,19.19,3.3,2.24,27.32,14.64,9.01,7.41,258.46,42.37,11.09,,20.13,,21.44,23.76,29.1,29,2.2,5.87,,1.43,1.8,,30.53,14.44,1.27,,,26.21,48.06,2.4,2.78,161.28,1.01,6.55,468.47,59.97,98.92,5.75,,3.19,41.18,,10,101064499899.00002,Data Processing Services,Technology Services
AMAT,30.11,73.56,3,19.3,10.5,24.6,24.5,34.9,19,86.96,1.2,4.04,78.82,10.22,0.93,1.15,2.6,152.17,40,75.33,0.7,0.37,,0.15,0.66,17.93,16.85,18.95,20.16,18.86,5.72,5.43,5.58,0.53,28.64,4.91,0.69,22.78,22.95,10.4,5.52,145.65,46.7,24.61,,25.86,,28.87,9.47,22.91,23.52,1.16,5.94,,0.75,0.66,,20.69,3.62,1.69,,32.5,18.04,20.68,0.99,2.03,12.57,1.82,23.66,102.08,37.57,48.16,33,,1.97,42.33,,10,115650808151.0,Industrial Machinery,Producer Manufacturing
AMD,79.38,59.03,,92.9,,22.5,8.2,2.3,19.9,53.99,,35.11,56.24,14.24,0.86,1.92,2.51,127.65,72.22,73.73,0.72,0.05,,,,452.65,65.24,241.47,77.98,47.31,11.03,11.93,0.22,0.82,4.94,0.4,,51.55,20.7,73.6,16.67,114.71,46.12,3.78,,3.77,,1.77,4.99,331.69,119.78,2.58,12.34,,,,,249.59,12.02,3.1,,58.47,168,5072.98,4.79,4.29,27.16,1.86,1.26,10.45,0.98,1.55,1.19,,0.48,344.96,,6,163974485587.0,Semiconductors,Electronic Technology
AMGN,28.03,37.22,2.6,,10,,14.9,,6.7,15.75,4.77,18.49,28.04,1.84,0.6,0.17,1.65,254.5,57.58,79.09,4.81,10.37,,0.47,2.93,19.71,15.76,28.74,13.92,11.77,6.42,7.5,5.07,0.06,26.11,4.72,3.09,14.75,10.68,7.1,6.91,281.63,70.02,2.75,,23.83,,28.01,24.99,23.31,15.99,19.99,5.56,,1,1.76,,21.24,,1.01,,,18.48,18.52,2.9,1.47,,1.13,7.78,176.7,15.35,113.16,13.57,,,24.48,,10,139459437367.0,Biotechnology,Health Technology
AMZN,54.08,72.5,,27.9,,19.4,14.3,6.5,13.1,79.15,,9.81,75.33,4.91,0.53,0.64,1.05,26.39,56.61,26.39,1.52,0.67,,,,44.51,20.28,56.28,37.63,15.19,2.91,3.15,2.25,0.38,5.61,1.78,,44.44,17.21,17.49,11.01,154.19,16.32,11.58,,5.29,,6.41,8.97,60.16,61.99,3.33,3.17,,2.81,4.53,,57.63,5.4,1,,,21.67,62.93,3.75,5.48,10.57,0.84,6.29,15.43,12.29,17.81,8.52,,,144.17,,8,1440451023796.0,Internet Retail,Retail Trade
ASML,7.8,85.65,1.8,0.8,32.7,31.7,32.9,,28,95.38,2.78,6.46,90.36,9.32,0.43,1.51,1.5,215.13,69.76,55.59,0.47,0.34,,0.3,0.69,38.11,35.22,103.18,38.62,35.08,12.34,12.5,2.62,0.34,11.86,0.94,0.7,44.44,21.51,15.68,11.44,911.7,51.3,,,28.45,,32.81,25.81,44.28,44.28,1.57,12.62,,1.17,2.79,,106.69,9.17,1.6,,,63.69,91.54,1.77,4.29,42.76,0.96,21.09,180.78,44.51,71.72,24.68,,0.9,94.21,,10,239246304033.90967,Semiconductors,Electronic Technology
AVGO,80.59,69.32,,,12.3,22.2,87.5,14.5,14,75.95,3.63,27.24,71.22,8.85,1.92,0.36,2.82,61.99,32.5,31.16,1.91,1.64,,0.48,1.49,37.19,30.25,35.27,28.88,23.02,12.45,17.36,2.69,0.33,49.23,2.93,1.64,27.4,22.48,14.28,18.76,761.99,68.93,10.14,,39.31,,45.93,22.15,38.96,33.26,1.65,15.31,,1.06,0.99,,31.1,,2.43,,,30.3,35.56,1.52,2.67,,2.56,19.43,703.66,25.68,61.71,26.04,,2.8,94.3,,9,351518571152.0,Semiconductors,Electronic Technology
AZN,2.21,30.59,,37,2.5,6.7,107.7,133.6,17.7,19.23,2.49,,25.13,2.59,0.18,0.18,0.79,210.11,667.3,81.13,2.09,0.77,,0.71,2.28,25.19,15.44,30.03,13.48,11.69,4.21,4.69,3.97,0.39,14.33,3.48,2.28,15.02,5.12,30.9,5.76,73.84,80.28,5.67,,13.09,,19.28,4.96,32.51,33.6,,4.13,,,,,26.51,,0.94,,,17.84,19.3,,2.54,,0.6,6.03,85.71,11.68,15.86,8.99,,2.68,57.12,,10,210354611596.6222,Pharmaceuticals: Major,Health Technology
BA,6.5,43.02,,3.5,,,37,,7.9,49.66,,,44.99,1.47,0.17,0.3,1.14,410.15,56.8,13.31,22.72,,,,,361.87,70.97,37.06,44.16,28.56,1.81,2.11,0.28,,5.7,3.47,,59.88,1.49,,13.09,238.97,9.93,,,,,,,,,,1.63,,,,,28.68,,0.98,,,21.32,52.38,,,,0.31,,4.13,1.06,,,,3.31,96.85,,5,125532691626.0,Aerospace & Defense,Electronic Technology
BABA,,47.34,1.5,11.8,,,1.6,8,20.6,44.25,1.39,,46.77,2.56,1.37,3.7,1.8,18.66,121,13.08,1.14,0.16,,0.11,1.39,7.87,6.68,5.23,5.34,4.15,0.8,1.04,12.71,0.56,20.51,14.83,1.39,7.66,11.98,9.28,4.56,103.7,37.75,20.58,,10.81,,13.35,1.27,13.27,8.21,7.46,1.41,,0.26,0.22,,6.99,0.81,,,,6.99,,,0.36,1.78,1.8,5.58,62.7,8.84,9.93,8.74,,1.25,,,10,224091197163.6808,Internet Retail,Retail Trade
BHP,,39.21,,,24.8,16.2,20,8.2,12.4,39.22,19.96,8.57,38.12,3.69,0.65,0.56,1.23,113.92,130.91,32.34,0.78,0.52,,1.05,5.65,6.93,5.7,14.06,6.55,5.53,2.91,3.03,14.43,0.43,22.24,7.79,5.65,9.22,21.84,,,58.06,70.43,10.22,,24.01,,40.8,3.67,11.81,11.9,0.94,2.93,,,,,13.26,1.45,1.07,,,8.48,13.17,0.98,0.65,3.82,0.95,13.83,36.66,30.31,30.44,18.77,,4.52,17.55,,9,149060748001.38754,Steel,Non-Energy Minerals
BKNG,43.23,66.85,2.9,,,,,14.3,7.2,67.71,,8.88,68.08,6.81,1.08,0.97,1.44,,,45.34,1.79,,,,,18.29,16.8,17.15,17.21,16.1,5.58,6.52,5.47,,38.03,5.98,,21.6,2.53,27.1,10.19,4527.33,,7.6,,25.7,,30.71,,26.17,26.42,,6.76,,,,,18.01,,0.92,,,17.31,18.43,,2.82,,1.44,21.24,554.58,51.5,425.11,39.47,,5.03,53.07,,10,112792568813.00002,Other Consumer Services,Consumer Services
BLK,10.97,56.65,1.2,5.3,13.9,4.5,7.6,20.4,8.4,67.52,4.74,14.8,58.82,1.78,6.01,0.76,13.1,,,73.16,1.24,0.25,,0.53,2.51,16.13,15.4,31.73,17.91,17.12,6.16,6.73,6.2,0.33,21.2,3.2,2.56,20.96,11.68,4.94,5.45,731.68,48.7,21.69,,30.81,,35.46,3.07,21.84,21.1,2.43,6.68,,1.26,2.45,,31.82,4.85,1.24,,,29.15,22.78,2.46,1.63,24.64,13.1,4.62,70.74,6.32,14.52,4.52,,4.05,24.23,,10,104125152121.00002,Investment Managers,Finance
BMY,,50.43,2.3,,9.2,27.6,18,8.9,12.1,64.64,6.57,,54.98,2.29,0.33,0.29,1.18,80.68,100.43,65.79,2.05,1.35,,0.31,4.64,13.61,6.81,11.18,7.83,6.97,2.89,2.9,7.35,0.32,25.97,11.53,4.82,6.91,31.49,10.3,,72.24,76.24,7.03,,17.83,,18.21,3.49,12.9,6.64,0.35,2.28,,0.25,0.39,,8.93,,0.56,,,8.06,9,0.3,0.72,,1.07,8.46,128.17,12.96,25.63,12.37,,16.46,26.49,,9,123319734742.0,Pharmaceuticals: Major,Health Technology
BP,,59.96,5.5,7.5,,,,,33.9,68.98,2.71,,63.91,1.49,0.39,0.54,1.21,56.07,127.87,51.61,1.39,0.9,,0.26,4.58,4.78,2.98,7.31,5.16,3.18,0.63,0.63,20.92,0.25,8.45,17.24,4.69,7.48,17.42,,,43.18,22.94,7.95,,7.34,,14.5,1.48,7.14,5.74,,0.5,,,,,5.86,0.73,1.03,,,3.3,6.06,,0.6,2.17,0.94,5.48,25.87,14.35,21.82,10.03,,13.25,242.4,,7,110847634122.2264,Integrated Oil,Energy Minerals
BUD,11.97,56.85,,,,,,,3,60.07,0.12,15.1,58.78,1.29,0.21,0.09,0.64,86.53,287.45,29.11,5.71,1.04,,0.22,1.28,14.38,14.38,25.02,12.33,9.19,3.19,3.42,6.95,0.36,13.66,6.38,1.28,18.66,2.14,6.94,5.9,73.71,54.04,3.28,,10.56,,24.18,1.65,20.68,16.99,,2.21,,,,,16.45,,0.64,,,10.05,15.32,,0.95,,0.43,2.94,53,7.83,8.49,5.84,,5.64,17.16,,10,112434307341.68082,Beverages: Alcoholic,Consumer Non-Durables
CAT,18.68,67.02,2.3,10.8,6.7,34.2,47.9,35.4,19.7,57.98,2.34,2.73,65.82,3.71,0.2,0.18,1.35,143,69.7,100.68,2.41,1.94,,0.24,1.61,14.37,12.41,19.89,14.83,12.79,2.85,2.91,6.96,0.22,14.6,6.07,1.64,15.36,13.27,8.2,2.65,296.17,34.69,25.37,,15.41,,19.34,8.28,15.75,14.95,1.47,2.45,,,,,16.6,2.81,1.56,,,12.56,16.19,1.49,2.07,11.85,0.87,12.15,43.55,26.21,56.02,16.25,,4.35,34.18,,9,142406442393.0,Trucks/Construction/Farm Machinery,Producer Manufacturing
CMCSA,14.2,38.59,4.6,1.8,8,10.9,23.5,3.3,9.4,28.18,4.16,,33.79,1.51,0.15,0.06,0.6,,122.26,38.78,2.5,1.17,,0.3,2.76,10.37,6.55,19.65,10.62,6.66,2.09,2.1,9.64,0.31,10.66,7.76,2.95,10.02,9.73,14.6,,47.14,69.76,5.7,,12.66,,19.18,2.02,11.31,10.85,2.58,1.42,,0.71,0.87,,13.54,,0.7,,,6.08,10.59,,0.82,,0.6,5.9,42.88,10.8,18.64,6.95,,8.69,14.07,,10,187033524119.00003,Cable/Satellite TV,Consumer Services
COP,2.57,47.51,,6.7,39.1,24.6,40.9,52.9,28.4,45.31,6.3,,47.73,3.98,0.91,0.5,1.66,11.26,49.06,36.45,0.72,0.4,,0.51,2.06,8.29,5.58,13.83,8.47,5.53,2.4,2.56,12.06,0.51,15.53,6.66,2.22,11.83,23.1,,,110.79,32.26,15.56,,18.67,,26.24,2.76,12.27,12.35,0.49,2.29,,,,,13.09,1.24,1.1,,,6.4,10.54,0.73,0.88,2.76,1.53,12.08,28.14,22.55,23.32,13.28,,8,27.51,,6,147973913149.0,Oil & Gas Production,Energy Minerals
COST,33.27,74.67,,10.9,12.5,14.3,16.1,3.6,13.2,83.64,0.99,19.2,78.34,8.23,0.49,1.91,1.09,29.04,30.33,3.67,0.84,0.36,,0.27,0.56,34.81,28.14,35.54,34.67,27.8,1.23,1.27,2.87,0.36,3.58,2.74,0.56,46.08,15.57,8.95,6.57,572.18,12.37,50.9,,2.65,,3.4,12.28,49.31,49.54,3.78,1.31,,2.55,1.4,,36.5,5.2,1.82,,,24.51,39.95,3.57,3.36,12.28,0.6,9.52,31.1,25.72,27.37,14.7,,0.79,71.98,,10,246550075175.00003,Specialty Stores,Retail Trade
CRM,50.49,69.18,,16.2,,22.8,,13.4,16.1,70.92,,26.95,69.75,5.81,0.61,0.93,1.04,,,64.31,1.35,0.22,,,,52.6,30.07,32.17,30.21,22.18,7.31,8.35,1.9,0.64,25.95,3.13,,30.4,21.86,18.71,11.84,243.67,74.99,,,7.63,,15.87,4.86,110.76,49.52,1.85,8.43,,4.29,1.04,,32.62,12.89,1.06,,,29.88,75.45,1.98,2.46,75.47,1.04,2.77,83.87,7.45,4.45,4.79,,2.37,248.97,,7,208815530594.0,Packaged Software,Technology Services
CSCO,6.81,45.84,1.4,6.8,2.7,3.4,5.9,10.4,6.2,44.74,3.79,,43.77,3.61,0.87,3.08,1.47,56.35,39.79,33.29,0.42,0.17,,0.45,3.11,11.19,10.15,10.7,10.28,9.5,3.46,3.22,8.94,0.46,30.13,8.59,3.11,12.92,9.64,4.2,0.51,55.06,63.69,37.5,,23.4,,28.3,4.49,15.14,14.44,3.8,3.56,,1.14,0.88,,11.73,5.44,0.95,,,11.21,13.75,,1.09,45.99,1.34,13.94,830.17,24.04,31.79,16.94,,6.65,19.88,,10,227234227316.0,Information Technology Services,Technology Services
CVX,,55.62,1.3,8.3,5.4,30.6,,,28.6,50.2,5.31,,55.71,1.82,,0.4,,24.12,52.88,38.27,0.5,0.13,,0.46,4,9.98,7.23,25.59,8.38,5.55,1.47,1.52,10.02,0.62,5.95,4.19,4.08,11.35,19.92,,,165.57,30.67,55.83,,10.85,,13.3,1.74,13.3,11.58,2.9,1.48,,,,,24.3,0.95,0.97,,,12.3,13.74,0.82,0.91,1.74,,8.28,20.35,12.96,13.3,8.52,,9.33,21.8,,8,317615070740.0,Integrated Oil,Energy Minerals
DE,,40.5,3.5,23.3,18.4,37.5,60.3,,23.2,21.79,2.69,,33.19,2.95,0.2,0.13,1.86,88.27,34.56,49.71,3.64,2.92,,0.15,1.4,10.55,9.34,39.63,16.44,14.47,3.17,2.71,9.48,0.21,6.84,3.86,1.54,13.5,22.68,6.65,,511.11,37.02,5.95,,16.87,,24.22,4.93,11,11,0.5,1.86,,,,,26.24,1.79,1.29,,,12.77,22.01,0.51,2.11,6.59,1.66,10.43,94.02,25.37,46.71,14.19,,,26.15,,10,118687902160.0,Trucks/Construction/Farm Machinery,Producer Manufacturing
DHR,2.1,59.06,,12.1,13.4,3.5,20,1.1,1.2,48.26,0.74,1.72,57.15,4.84,0.71,0.32,1.68,97.83,63.92,57,2.22,0.34,,0.14,0.43,31.79,23.47,33.61,30.83,24.96,8.01,7.04,3.15,0.63,20.94,3.22,0.4,31.85,23.18,10.05,,209.8,58.66,20.47,,17.26,,21.73,3.36,38.02,31.89,1.89,6.53,,,,,31.25,,1.57,,,25.23,32.2,1.38,1.49,,1.37,5.58,98.55,7.97,9.19,6.95,,0.66,39.63,,10,188464376541.0,Medical Specialties,Health Technology
DIS,,75.1,,5.5,,32.9,71.5,10.4,10.3,79.82,0.27,2.49,78.16,2.21,0.23,0.15,0.84,11.87,97.9,52.67,3.61,0.47,,0.08,0.28,30.78,18.42,30.65,18.41,13.73,2.6,2.74,3.25,0.51,8.93,3.99,0.83,23.42,,44.5,4.62,119.02,34.33,4.88,,3.36,,11.17,1.97,66.91,30.27,,2.21,,,,,25.05,,0.72,,,15.23,53.76,,1.7,,0.77,1.47,22.76,4.55,3.04,3.85,,1.55,22.96,,9,156380769842.0,Movies/Entertainment,Consumer Services
GE,59.4,75.96,0.2,,,1,,24.8,,87.3,0.05,14.81,80.67,2.13,0.45,0.99,1.18,117.96,82.58,91.17,1.71,0.84,,0.1,0.23,13.4,11.32,42.3,17.09,13.67,2.1,2.23,7.46,0.17,5.27,2.36,0.23,29.94,,34.77,8.92,84.44,25.84,3.19,,13.95,,5.26,5.54,16.64,42.87,,2.23,,,,,42.81,5.9,1.62,,,29.57,11.76,,3.03,18.28,0.85,5.67,92.04,9.56,31.07,2.24,,6.78,,,5,125696807067.99998,Industrial Machinery,Producer Manufacturing
GOOG,49.34,60.13,2.6,11.3,,19.6,32.3,20.6,22.1,70.13,,9.54,61.91,11.66,1.36,3.89,2.1,7.3,15.29,48.47,0.29,0.1,,,,20.22,17.75,25.03,18.72,14.13,5.21,5.66,4.95,0.7,22.61,3.74,,22.32,22.68,15.43,9.97,148.41,56.63,273.68,,24.01,,27.42,6.55,25.9,25.29,1.2,6.22,,0.81,0.9,,27.83,2.85,0.96,,35.34,18.96,35.18,1.15,2,7.3,2.1,19.25,62.97,28.06,27.52,29.83,,3.38,46.94,,10,1737697476151.0,Internet Software/Services,Technology Services
GOOGL,48.35,60.31,2.6,11.3,,19.6,32.3,20.6,22.1,70.31,,8.71,62.15,11.66,1.36,3.89,2.1,7.3,15.29,48.47,0.29,0.1,,,,20.22,17.75,25.03,18.72,14.13,5.21,5.66,4.95,0.7,22.61,3.74,,22.17,22.68,15.43,9.97,147.11,56.63,273.68,,24.01,,27.42,6.55,25.69,25.08,1.19,6.23,,0.8,0.89,,27.89,2.85,0.96,,35.39,18.96,35.16,1.16,2,7.3,2.1,19.25,62.97,28.06,27.52,29.83,,3.38,47,,10,1737697476151.0,Internet Software/Services,Technology Services
HD,9.71,62.06,1.9,,11.8,16.7,17.6,3.8,15.2,68.07,4.89,5.48,63.19,7.59,0.09,0.04,1.3,87.06,42.84,8.8,1.92,34.44,,0.52,2.3,18.22,15.96,23.04,18.51,16.22,2.63,2.66,5.49,0.02,11.56,4.91,2.3,22.99,17.66,10.2,1.92,329.58,33.42,11.85,,10.22,,14.51,252.19,23.31,23.31,1.65,2.39,,0.83,0.97,,20.59,,1.17,,,17.39,20.52,1.65,1.88,,0.33,20.57,55.39,43.03,1311.51,30.79,,3.92,31.04,,10,321421199548.0,Home Improvement Chains,Retail Trade
HON,1.21,40.5,1.8,,4.7,9.5,13.5,,6.1,39.94,2.9,6.55,38.48,2.82,0.44,0.4,1.27,93.28,103.16,76.98,2.25,1.24,,0.45,2.16,17.66,15.37,32.53,16.18,14.21,3.64,3.82,5.66,0.27,11.73,3.35,2.23,19.46,5.6,10,5.07,217.86,37.28,9.26,,15.43,,19.32,7.82,23,20.9,10.45,3.52,,,,,30.01,,1.26,,,24.16,19.54,,2.05,,0.93,9.21,116.65,18.3,33.45,13.1,,3.88,24.6,,10,128171109174.99998,Aerospace & Defense,Electronic Technology
IBM,19.69,68.79,,2.3,0.6,10.6,3.5,,2.9,67.62,3.77,12.34,67.87,3.16,0.39,0.22,0.96,19.11,50.29,36.01,4.08,2.66,,0.69,3.56,20.86,14.62,17.46,19.77,13.94,3.41,3.47,4.79,0.17,19.89,7.23,3.56,18.55,,4.31,2.86,146.06,55.45,5.83,,12.13,,15.16,7.55,22.95,19.39,,2.8,,,,,13.98,,1.52,,,12.38,16.07,,1.33,,0.93,5.7,123.63,10.34,33.68,6.6,,0.62,17.75,,10,132997803878.00002,Information Technology Services,Technology Services
INTC,73.28,41.16,,7.8,,,,,,47.73,0.86,40.17,39.73,2.23,0.89,0.51,1.54,136.48,98.07,23.18,4.38,0.47,,0.71,1.15,124.4,18.15,,29,12.03,3.54,3.76,0.8,0.55,,,1.15,31.25,,61.5,,32.92,40.04,0.04,,3.12,,0.06,1.73,111.05,41.64,,3.35,,,,,,2.15,1.13,,,16.1,,,1.28,2.49,1.15,0.9,1.83,1.04,1.66,0.05,,,12,,10,158641444473.00003,Semiconductors,Electronic Technology
INTU,44.18,67.77,,46.7,13.7,15.9,27.7,25.2,20.4,76.75,0.99,21.84,70.57,11.26,0.45,0.35,1.25,,83.02,13.76,1.5,0.38,,0.31,0.51,53.38,43.58,42.95,30.2,29.33,11.75,12.68,1.87,0.6,29.52,2.36,0.55,40.32,17.98,17.6,11.14,576.68,78.12,11.96,,17.53,,22.86,10.85,71.93,62.8,4.19,12.63,,2.24,1.74,,42.79,,1.43,,,40.3,74.8,3.85,3.33,,1.25,9.27,242.22,14.71,15.43,10.73,,1.88,104.3,,10,150802031689.0,Packaged Software,Technology Services
ISRG,35.38,72.03,0.1,11.1,,18.6,24.8,,18.2,67.8,,8.7,71.76,41.82,3.15,,4.76,158.92,27.31,47.22,,,,,,74.23,59.92,174.95,48.24,41.05,16.36,18.41,1.35,0.86,10.52,0.55,,62.5,11.89,10.95,12.69,353.74,66.39,,,25.24,,24.8,10.28,77.18,74.95,7,19.48,,3.61,16.04,,184.96,6.08,1.3,44.3,23.79,76.51,199.48,6.78,5.07,11.11,4.02,12.83,50.44,14.14,14.99,20.46,,0.26,111.24,,10,103839363738.0,Medical Specialties,Health Technology
JNJ,0.14,43.12,0.2,9.2,5.9,5.8,4.4,,5.2,38.44,4.03,,39.48,4.74,0.53,0.79,1.21,148.51,122.99,62.76,1.36,0.42,,0.49,3,23.49,17.45,24.33,13.61,11.76,4.34,4.12,4.26,0.43,16.92,4.17,3.04,14.73,7.07,2.55,,190.71,67.74,31.91,,37.79,,25.83,5.3,12.94,16.26,3.61,4.29,,1.41,2.23,,25.87,57.63,0.84,,,20.11,11.17,,1.67,5225.33,0.96,19.18,83.58,12.43,47.68,14.8,,2.21,21.62,,10,388773878809.0,Pharmaceuticals: Major,Health Technology
KO,0.64,48.57,,7.9,3.2,1.5,5.4,4,4.6,37.05,3.63,,44.98,4.27,0.63,0.38,1.14,85.57,279.01,31.69,2.58,1.53,,0.66,3.09,19.7,18.22,27.87,20.25,18.52,6.02,6.29,5.08,0.27,22.58,3.95,3.09,21.28,11.63,7.58,5.32,68.85,59.14,9.03,,23.92,,28.45,9.78,23.92,21.69,2.19,5.72,,,,,25.38,,1.04,,,21.74,25.12,2.72,2.12,,0.97,11.25,151.46,19.68,43.27,14.15,,3.59,29.34,,10,250552555809.00003,Beverages: Non-Alcoholic,Consumer Non-Durables
LIN,22.29,62.16,2.5,,9.8,16.2,19.9,13.9,9.2,70.39,1.93,7.15,65.62,3.88,0.3,0.24,0.8,43,61.28,52.26,1.61,0.49,,0.36,1.23,26.31,17.94,39.04,22.09,16.73,6.26,6.56,3.8,0.49,16.8,2.71,1.23,26.74,8.49,10,4.41,369.3,46.76,40.53,,18.87,,24.67,5.12,33.29,29.52,5.68,6.27,,1.91,1.73,,37.36,21.63,1.59,,,22.15,30.4,4.72,2.35,355.45,0.67,7.8,34.06,12.85,15.61,7.9,,2.31,50.84,,10,189318110161.0,Chemicals: Specialty,Process Industries
LLY,83,87.28,0.3,60.3,15,9.1,17,11,9.8,96.85,1.17,18.86,92.49,10.19,0.11,0.12,1.05,230.74,108.63,78.77,2.34,1.8,,0.51,0.61,95.84,83.15,,54.23,48.97,17.73,20.98,1.04,0.19,,,0.7,59.17,13.54,36.1,22.04,361.65,79.25,23.92,,15.36,,30.94,62.62,130.15,83.99,4.26,19.84,,,,,,88.22,4.04,,,116.87,389.15,6.77,10.89,2000.43,0.82,9.97,70.3,21.58,48.35,22.74,,0.44,150.44,,9,546471229775.0,Pharmaceuticals: Major,Health Technology
LMT,,36.87,4.6,9.4,7.4,4.9,4,2.8,5,39.62,4.24,0.77,36.25,3.71,0.09,0.08,1.21,20.38,18.51,14.1,1.67,2.55,,0.43,2.85,13.22,11.41,19.14,14.36,12.19,1.72,1.76,7.56,0.13,9.22,6.04,2.95,16.45,10.84,3.9,2.11,461.09,12.55,9.3,,10.24,,12.6,15.1,15.48,15.25,2.31,1.59,,0.76,1.04,,17.16,,0.92,,,13.48,16.52,2.9,1.52,,1.03,12.65,111.85,23.86,78.17,15.81,,4.36,20.02,,10,106789130369.00002,Aerospace & Defense,Electronic Technology
LOW,4.01,59.76,7.6,,22.9,24.7,21,43.7,18.4,70.01,4.72,,63.28,3.93,0.07,0.03,1.21,112.66,66.64,,2.95,,,0.31,1.96,14.19,12.21,30.67,15.67,12.83,1.94,1.84,7.05,,5.99,4.22,1.98,16.47,24.09,5.4,,216.79,33.33,7.98,,8.5,,12.83,,17.14,16.13,0.7,1.45,,0.52,0.98,,24.11,,1.18,,,17.44,27.61,0.65,2.23,,0.15,17.13,49.49,44.9,,28.35,,3.4,31.09,,10,126976896333.00002,Home Improvement Chains,Retail Trade
MA,14.09,70.84,2.1,4.9,12.5,22.3,24,21.1,20.4,61.76,1.13,7.35,69.38,11.08,0.56,0.59,1.17,,60.54,54.34,1.04,2.26,,0.19,0.52,30.58,28.95,39.91,26.72,25.06,15.46,17.32,3.27,0.16,43.4,2.55,0.58,31.85,16.6,20.92,11.95,457.57,82.09,25.41,,44.61,,58.22,61.71,38.7,37.35,2.52,17.25,,1.49,1.66,,39.75,,1.11,,,36.16,47.72,2.54,3.39,,1.17,28.16,708.5,56.61,184.3,42.9,,2.34,61.96,,10,390217001311.0,Miscellaneous Commercial Services,Commercial Services
MCD,11.59,46.61,1.1,14.7,7.3,11.3,25.4,17.1,10.8,44.95,3.09,0.92,44.9,3.26,0.67,0.09,1.16,1.65,28.42,31.84,3.73,,,0.52,2.15,21.58,19.06,35.35,20.04,17.29,9.41,10.06,4.63,,28.46,3.47,2.31,23.2,9.44,9.56,6.16,299.45,57.12,8.61,,33.22,,45.95,,25.02,24.24,4.95,8.31,,,,,29.22,,1.26,,,22.07,27.67,3.59,3.88,,1.16,16.22,32.24,24.95,,19.71,,2.75,34.06,,10,202763856505.00003,Restaurants,Consumer Services
MDT,3.65,45.8,0.3,0.7,8,4.1,4.8,,3.1,26.46,4.75,4.49,38.05,3,0.8,0.31,2.29,179.22,75.81,66.82,2.84,0.49,,0.52,3.24,21.57,14.96,32.62,18.32,14.77,3.89,4.13,4.64,0.57,12.66,3.58,3.25,15.6,4.49,9.78,3.41,97.21,65.4,8.9,,12.83,,18.98,2.2,27.68,15.98,,3.56,,,,,28.02,,0.88,,,20.33,31.47,,1.28,,1.69,4.47,55.64,7.6,7.96,6.06,,2.66,25.07,,10,108797735480.00002,Medical Specialties,Health Technology
META,100.89,76.02,3.5,9.9,,17.9,13.9,26.9,19.9,75.09,,17.11,76.25,11.46,2.05,1.76,2.67,,58.99,35.79,0.63,0.24,,,,24.44,19.82,26.69,19.33,15,7.43,8.67,4.09,0.67,32.5,3.67,0.43,23.53,17.32,22.01,11.92,342.05,80.76,104.82,,28.98,,34.66,7.83,31.42,31.17,1.91,9.11,,1,0.9,,28.04,3.55,0.89,,134.5,17.33,32.27,2.06,2.38,9.1,2.67,19.11,47.41,27.26,28.72,26.28,,0.51,56.67,,10,772746078896.0001,Internet Software/Services,Technology Services
MRK,10.97,70.72,,21.1,7.4,23.9,26.1,14,15.4,54.4,3.57,11.62,66.21,4.61,0.38,0.25,1.38,133.32,82.69,61.65,5.84,0.85,,1.97,2.36,113.45,58.15,26.35,13.26,12.02,5.41,5.77,0.88,0.39,21.9,4.14,2.46,14.75,8.82,16.77,6.94,107.75,73.18,3.53,,0.61,,4.91,7.71,896.07,83.63,6.74,5.36,,,,,24.23,25.76,1.26,,,18.56,265.17,7.26,2.28,368.97,1.12,0.34,13.13,3.65,0.84,0.78,,2.15,36.26,,10,272834275232.0,Pharmaceuticals: Major,Health Technology
MSFT,42.55,71.34,0.6,21.1,10.2,16.5,19.4,10.6,15.1,77.85,1.08,16.62,73.29,9.66,0.67,0.92,1.22,13.75,90.93,64.71,0.73,0.37,,0.25,0.66,29.77,25.51,45.74,29.34,23.17,12.86,13.56,3.36,0.51,29.64,2.16,0.71,37.04,19.89,14.69,13.13,365.42,69.75,41.68,,36.27,,44.17,13.12,38.02,37.98,2.05,13.79,,1.44,2.4,,46.54,7.68,1.75,,,30.53,43.03,2.09,3.33,34.96,1.2,19.91,93.35,33.31,39.57,25.34,,0.85,68.72,,10,2453456568796.0,Packaged Software,Technology Services
NEE,,40.28,,7.5,10.1,23.3,40.2,96.4,14.8,38.4,5.55,,38.6,1.09,0.1,0.04,0.55,71.71,260.65,48.93,4.37,1.54,,0.56,3.31,17.53,11.1,106.11,20.01,12.6,6.75,6.62,5.7,0.27,6.24,1.51,3.31,16.64,3.21,7.27,5.4,116.05,63.94,2.96,,26,,34.97,2.45,15.68,16.99,12.14,4.1,,,,,66.24,1.44,0.84,,,10.19,30.28,,3.48,2.74,0.47,4.34,8.99,7.49,16.5,4.96,,,22.19,,10,140784627107.99997,Electric Utilities,Utilities
NFLX,32.99,68.44,0.8,23.9,,11.9,25.5,53.7,10.9,61.91,,12.4,67.48,7,0.81,0.49,1.12,,11.7,12.25,0.67,0.71,,,,35.46,11.54,35.97,28.33,26.52,6.53,7.39,2.82,0.42,20.54,2.85,,32.57,19.07,21.87,10.01,457.87,41.54,8.48,,16.04,,20.62,11.8,46.74,46.74,2.49,7.51,,1.5,1.17,,36.44,,1.02,,,34.68,13.14,2.51,9.7,,1.12,10.94,371.28,17.13,25.01,13.42,,2.09,104.14,,10,175902675613.0,Data Processing Services,Technology Services
NKE,,52.02,0.6,20.9,11.5,17.5,26.4,52.3,11.6,69.29,2.29,,58.18,6.58,1.1,0.82,2.74,109.59,34.86,33.44,1.79,0.86,,0.41,1.33,26.31,23.41,25.29,20.86,19.36,2.89,3.09,3.8,0.38,12.24,3.98,1.42,24.75,11.21,13.48,5.71,133.94,43.96,,,10.28,,11.76,11.2,30.56,30.56,3.29,3.13,,2.04,1.75,,25.68,3.98,0.92,,100.48,22.36,27.33,3.56,2.77,11.66,1.85,13.98,41.47,21.2,36.84,23.35,,4.89,35.79,,10,147284959316.0,Apparel/Footwear,Consumer Non-Durables
NOW,50.8,75.72,,37.1,,44.6,140.6,25.3,25,82.68,,26.95,78.42,10.98,0.66,2.14,1.06,,32.98,58.03,1.43,0.3,,,,156.28,101.18,59.65,54.15,45.17,15.08,17.98,0.64,0.44,30.14,1.62,,61.35,21.08,20.1,19.99,721.94,78.59,31.75,,19.3,,8.49,21.82,96.66,110.15,2.32,18.45,,,,,61.35,11.49,1.21,,,48.9,178.2,4.41,5.79,26.96,1.06,11.65,55.43,11.78,26.74,9.89,,,1029.04,,5,118408199260.0,Packaged Software,Technology Services
NVDA,137.9,82.46,,21.6,,20.1,24.2,,34.5,84.67,0.02,24.88,83.8,52.6,2.01,1.66,3.59,125.86,43.9,45.86,0.48,0.33,,0.02,0.02,80.59,75.12,97.81,30.35,30.16,19.72,38.18,1.24,0.61,39.03,0.98,0.02,35.59,20.41,50.35,22.46,587.62,69.85,79.9,,42.1,,45.94,53.47,95.16,88.94,4.58,40.06,,2.85,3.29,,102.7,15.97,2.98,,151.22,95.42,121.37,3.56,14.26,64.46,3.06,41.09,221.07,56.02,73.36,71.06,,0.5,332.41,,10,1084330000000.0,Semiconductors,Electronic Technology
NVO,53.3,76.61,1.7,21.1,18.1,26.3,26,34.6,24,84.1,1.52,14.03,80.33,12.67,0.18,1.12,0.82,284.46,181.94,87.92,0.23,0.25,,0.38,0.85,35.15,32.28,51.75,29.97,27.59,13.22,16.05,2.84,0.34,29.95,1.86,0.85,37.74,17.56,8.37,20.96,96.45,84.6,69.78,,36.03,,44.16,34.83,45.01,45.01,2.57,16.09,,2.1,2.58,,53.58,12.65,1.97,,,34.35,43.22,2.75,4.93,80.26,0.64,30.18,138.16,83.59,92.29,30.03,,1.68,81.34,,10,374535078897.0875,Pharmaceuticals: Major,Health Technology
NVS,30.26,35.87,3.2,,3.8,4.3,4.6,4.2,,17.58,3.78,8.79,27.12,3.28,0.53,0.53,1.16,177.66,125.99,57.86,1.35,0.57,,0.84,3.46,21.14,11.58,18.38,16.52,11.3,4.51,4.27,4.73,0.47,22.59,5.62,3.46,14.35,10.53,18.3,2.4,103.61,71.72,11.59,,28.64,,19.83,4.44,14.23,24.11,,4.01,,,,,17.64,,1.06,,,14.12,9.89,,1.32,,0.93,13.1,88.08,13.2,29.19,9.63,,10.01,16.95,,10,205130875347.5124,Pharmaceuticals: Major,Health Technology
ORCL,19.6,64.46,4,,12.3,9.4,2.9,,15,64.12,2.52,,66.23,1.9,0.36,0.1,0.79,,33.19,46.16,4.39,22.97,,0.31,1.37,28.54,19.83,39.67,18.2,15.17,6.9,7.76,3.5,0.03,19.57,3.15,1.37,18.69,10.86,15.4,8.43,105.56,71.88,3.95,,19.64,,27.69,82.72,32.22,23.47,2.76,6.37,,1.8,2.81,,32.37,,1.26,,,19.21,36.59,2.87,2.47,,0.79,7.62,84.18,12.94,7895.64,10.18,,0.17,37.27,,10,312093025261.0,Packaged Software,Technology Services
PDD,60.29,39.02,,61.8,,,,37.8,51.8,45.99,,80.26,39.35,6.79,1.37,10.27,1.83,,340.57,2.14,0.35,0.12,,,,18.48,18.48,12.21,38.27,37.84,3,5.18,5.41,0.52,42.03,6.92,,16.78,,29.76,,151.78,67.1,938.44,,23.26,,22.83,8.42,28.64,24.29,,6.68,,,,,15.9,3.01,,26.95,11.42,15.9,,,2.21,8.42,1.83,18.03,1808,40.25,34.89,66.05,,,,,2,132141271650.00002,Department Stores,Retail Trade
PEP,,46.37,0.3,5.4,6.1,5,7.1,1.6,9.3,35.09,4.09,,43.06,4,0.31,0.23,0.88,47.51,173.94,41.94,3.05,2.38,,0.64,2.95,24.3,18.62,39.4,17.9,14.58,2.75,2.99,4.12,0.19,7.58,3.01,3.02,20.58,7.54,8.24,5.37,195.72,53.93,14.5,,9.05,,13.85,12.26,27.95,22.33,5.58,2.55,,1.93,2.89,,33.38,,0.97,,,19.13,31.86,,2.61,,0.71,8.72,45.78,16.81,46.23,13.13,,2.24,26.49,,10,247564244021.0,Beverages: Non-Alcoholic,Consumer Non-Durables
PFE,,45.62,,14.3,3.6,29.6,82,34.7,34.4,57.24,7.54,,48.52,2.36,1.42,0.7,2.38,142.02,89.57,75.69,6.95,0.66,,0.9,5.99,53.58,19.12,21.41,11.99,9.58,2.91,2.99,1.87,0.45,13.98,5.26,6.1,12.41,30.62,,,38.88,57.34,1.52,,3.62,,5.74,1.61,76.56,15.06,0.7,2.66,,,,,19.24,3.58,0.57,,,13.03,29.73,0.38,0.48,29.96,2.05,1.04,19.43,1.96,2.18,4.09,,,9.7,,10,192357837510.0,Pharmaceuticals: Major,Health Technology
PG,8.94,61.72,1.6,1.9,6.7,6.1,4.8,0.6,6.9,47.5,3.18,,59.66,5.63,0.22,0.23,0.64,63.72,124.77,25.45,1.49,0.7,,0.58,2.39,20.24,17.71,24.99,19.71,17.28,4.68,4.76,4.94,0.4,19.07,4.32,2.39,24.63,19.87,6.79,3.56,160.03,50.36,21.34,,17.6,,23.77,7.76,26.37,24.56,1.92,4.65,,,,,24.35,,1.19,,,20.27,27.67,1.5,2.23,,0.44,12.27,91.11,23.74,31.75,14.23,,2.87,30.63,,10,361712494183.0,Household/Personal Care,Consumer Non-Durables
PLD,3.93,58.7,,17.2,14.2,14.2,26,13.7,13.1,68.21,4.55,8.54,61.61,2.38,0.09,0.02,0.16,,310.81,17.2,4.4,0.55,,1.35,2.63,36.62,22.8,26.92,45.89,25.75,20.37,18.71,2.73,0.57,69.5,4.56,2.63,56.18,13.45,4.28,15.37,148.62,74.94,4.85,,38.13,,38.44,2.3,40.27,51.25,7.77,15.75,,2.1,0.76,24.45,22.58,2.29,1.14,,,22.58,,4.96,1.48,2.3,0.16,3.37,479.31,4.68,5.74,3.22,,,42.74,,10,116650844329.0,Real Estate Investment Trusts,Finance
PM,,34.38,0.1,8.1,2.9,5.4,8,1.8,2.2,23,6.76,,29.9,3.04,0.14,0.06,0.89,273.11,107.88,41.22,3.48,,,0.87,5.77,15.61,13.33,23.96,12.77,11.8,5.03,5.34,6.41,,22.28,5.52,5.83,13.61,9.35,5.5,3.8,109.64,63.12,10.15,,23.38,,33.69,,17.3,15.18,6.6,4.02,,,,,18.09,,0.88,,,15.37,18.41,,1.88,,0.44,13.85,177.78,33.82,,19.44,,,15.26,,10,148699149551.0,Tobacco,Consumer Non-Durables
QCOM,7.17,60.85,0.5,53.3,6.9,9.6,12.5,31.6,15.8,71.94,2.71,20.01,62.94,5.6,1.31,0.78,2.56,149.68,44.31,34.07,1.46,0.67,,0.41,2.09,19.32,15.95,17.07,14.01,12.61,4.52,4.65,5.18,0.44,27.24,5.87,2.12,16.05,24.34,9.81,2.75,137.0,55.54,11.34,,21.39,,21.94,7.32,21.88,19.7,0.58,4.68,,,,,17.14,3.68,1.11,,,15.2,23.16,0.79,1.44,15.43,1.88,15.49,100.4,21.27,37.39,21.16,,3.59,29.49,,9,126264239319.0,Semiconductors,Electronic Technology
RIO,,41.34,,10,29,19,8.9,2.6,11.7,36.07,18.8,11.24,39.11,3.3,1.01,0.75,1.99,95.97,54.81,21.74,0.67,0.27,,0.87,5.92,7.22,5.47,18.58,6.12,4.32,2.12,2.16,13.85,0.53,11.5,5.5,5.92,8.76,21.83,,,73.85,61.69,6.36,,16.34,,29.59,2.12,12.89,11.96,0.93,2.05,,,,,18.04,1.1,0.9,,,8.55,5.97,0.66,0.61,2.32,1.37,8.65,24.24,18.01,16.83,12.17,,6.07,12.04,,9,110453113491.712,Other Metals/Minerals,Non-Energy Minerals
RTX,,60.79,4.4,,2.4,41.9,,39.6,4.8,37.45,1.91,,54.99,1.72,0.14,0.15,1.04,74.2,65.63,52.93,4.7,0.76,,0.81,2.56,29.42,16.56,33.8,17.63,12.87,2.02,2.31,3.4,0.37,6.84,3.93,2.61,17.04,7.89,22,6.91,104.84,17.54,3.14,,4.64,,7.52,2.01,40.41,31.54,39.43,1.9,,,,,26.07,,1.6,,,15.87,18.91,,1.34,,0.78,1.98,31.66,4.56,4.6,3.44,,8.96,15.99,,9,110328042552.0,Aerospace & Defense,Electronic Technology
SAP,28.18,77.84,,13.2,9.1,,,,4.6,85.65,1.85,12.27,81.41,6.47,0.79,1.19,1.41,,73.42,69.63,1.25,0.22,,0.64,1.23,30.74,25.29,35.21,34.34,27.23,5.79,6.27,3.25,0.63,17.72,2.81,1.23,28.74,3.25,12.77,7.24,136.55,72.19,5.61,,20.27,,19.23,4.6,30.94,51.78,172.6,6.33,,3.82,2.28,,35.85,6.29,1.39,,,31.4,22.51,,2.46,17.21,1.41,8.99,134.91,11.73,15.17,6.49,,3.82,42.82,,10,158017611751.13184,Packaged Software,Technology Services
SBUX,,63.24,0.9,,8.9,34.8,53.6,220.5,16.2,80.35,3.81,,70.89,3.19,0.36,0.14,0.7,26.26,20.09,11.62,3.18,,,0.58,2.26,21.02,16.94,29.74,19.8,16.03,3.37,3.56,4.76,,11.96,3.98,2.34,23.75,13.98,17.57,9.45,114.67,27.81,10.23,,11.7,,15.62,,26.02,26.33,4.25,3.04,,1.78,2.2,,25.42,,0.79,,,16.43,31.36,2.33,2.87,,0.52,14.89,40.21,31.7,,16.26,,3.66,34.14,,10,110221848193.99998,Restaurants,Consumer Services
SHEL,6.87,52.15,5.8,15.1,11.5,35.5,,29.4,28.8,60.93,2.22,2.21,55.77,2.35,0.41,0.48,1.4,39.91,86.17,59.87,1.32,0.44,,0.36,3.88,6.59,4.07,7.76,6.03,3.84,0.69,0.78,15.17,0.46,9.85,15.33,4.32,8.05,27.4,,2.34,70.99,16.61,7.75,,6.18,,11.42,1.1,11.26,9.27,0.92,0.66,,,,,6.73,0.71,0.99,,,3.9,6.41,0.6,0.48,1.29,1.13,4.62,18.05,11.73,10.23,7.03,,12.83,16.06,,9,212300716793.6438,Integrated Oil,Energy Minerals
SNY,7.65,26.31,,8,2.7,10.3,9.6,12,6.5,8.06,4.55,,16.47,1.99,0.36,0.47,1.28,445.64,401.48,64.02,1.73,0.25,,1.12,4.08,13.82,11,21.39,10.95,8.3,2.41,2.52,7.24,0.59,11.48,4.98,4.08,10.93,15.34,2.2,5.8,59.7,69.35,7.91,,11.63,,22.38,1.45,31.33,27.02,2.81,2.32,,,,,19.72,16.61,0.82,,,16.08,11.94,1.2,0.86,232.6,0.38,4.28,68.51,8.31,7.32,7.89,,4.72,16.85,,10,137440158080.60257,Pharmaceuticals: Major,Health Technology
SONY,2.21,49.08,,13.6,18.6,13,14.7,,12.4,30.38,1.59,9.85,42.58,0.99,0.2,0.46,0.66,65.74,84.24,58.06,2.14,0.66,,0.11,0.58,17.13,8.63,164.78,14.86,8.53,1.63,1.53,5.84,0.22,1.13,0.85,0.57,17.18,11.77,3.69,,94.81,25.37,39.45,,7.11,,8.54,2.47,18.94,18.94,2.18,1.44,,,,,144.37,1.76,1.73,,,21.71,244.6,2.29,1.38,3.46,0.47,2.72,61.07,4.97,12.52,2.55,,,32.54,,8,108714217946.11716,Computer Processing Hardware,Electronic Technology
SPGI,18.29,45.64,,283.4,13.3,12.5,,,9,32.33,1.69,10.97,40.15,4.66,0.32,0.14,0.92,,39.29,72.97,2.42,0.34,,0.34,0.82,36.92,28.72,43.93,23.26,22.68,11.13,11.83,2.71,0.59,28.54,2.59,0.83,30.4,12.5,12.1,6.82,430.07,66.37,11.29,,20.2,,31.54,3.92,53.21,39.92,3.12,11.51,,3.66,1.34,,41.89,,1.39,,,40.41,49.34,4.25,2.15,,0.92,4.04,550.6,6.9,6.86,4.94,,1.54,50.92,,9,123544339846.99998,Financial Publishing/Services,Commercial Services
SYK,14.71,73.83,,12,9,17,12.6,3.3,12.3,70.72,1.43,7.54,74.06,4.59,0.38,0.28,1.58,222.21,64.9,60.83,2.21,0.59,,0.29,0.89,34.99,27.7,44.02,28.34,22.94,6.21,6.67,2.86,0.47,15.15,2.39,0.94,29.33,9.15,9.25,7.11,309.61,63.7,,,15.44,,19.06,6.99,41.45,32.26,4.48,6.43,,2.15,2.73,,42.28,,1.3,,,35.66,40.33,4.47,3.01,,0.97,8.37,61.41,12.6,18.11,10.31,,1.61,57.96,,10,111187685730.99998,Medical Specialties,Health Technology
T,,45.28,,,,10.1,27.3,,,26.33,3.33,18.78,39.38,0.71,0.13,0.04,0.71,18.87,252.02,29.95,3.42,1.5,,0.47,6.59,10.11,5.92,13.12,10.29,6,2.17,2.19,9.89,0.25,16.71,16.99,6.59,7.52,1.45,5.8,,16.31,59.06,3.68,,11.76,,20.14,1.17,8.59,7.08,,0.99,,,,,5.95,,0.98,,,3.16,6.84,,0.4,,0.67,3.55,17.73,7.57,14.23,5.02,,20.02,7.69,,8,108879266727.0,Wireless Telecommunications,Communications
TJX,15.26,66.76,1.2,3.5,9,3.1,5.2,,7.6,75.3,1.99,7.96,69.67,5.56,0.37,0.34,1.19,69.67,45.1,3.95,1.93,1.83,,0.36,1.31,21.71,18.55,25.9,20.05,17.19,2.14,2.3,4.61,0.23,8.88,4.13,1.35,24.39,12.48,12.5,4.25,91.09,29,66.55,,7.85,,10.18,16.49,27.97,27.97,55.94,2.2,,,,,24.85,4.56,1.31,,,18.36,22.33,2.8,3.17,16.71,0.47,14.2,36.49,30.56,64.42,21.66,,2.81,40.31,,10,105758799067.99998,Apparel/Footwear Retail,Retail Trade
TM,28.42,80.51,0.6,11.9,10.9,10.6,5.4,16.6,9,85.1,2.73,11.22,83.8,1.89,0.45,0.36,1.18,45.86,50.58,105.46,4.13,1.04,,0.2,2,10.53,7.89,,16.16,11.92,1.57,1.47,9.5,0.39,,,1.78,12.02,14.76,3.59,1.81,198.78,19.86,273.51,,10.29,,11.13,1.38,9.65,9.91,1.08,1.03,,0.52,,,,0.81,1.38,,,11.46,34.34,0.63,2.49,1.43,1.02,5.71,31.54,11.56,14.93,5.26,,,18.44,,10,259135111007.63,Motor Vehicles,Consumer Durables
TMO,,54.13,0.9,11.6,16.7,4.1,,1.5,11,47.68,0.52,,51.56,3.28,0.58,0.23,1.75,78.1,38.65,69.24,3.15,0.75,,0.07,0.25,31.24,21.63,34.6,24.8,21.95,5.57,5.59,3.2,0.47,16.16,3.26,0.25,25.38,18.79,9.3,4.01,576.43,40.14,5.32,,13.99,,17.08,4.55,35.65,27.18,1.79,4.97,,0.87,1.3,,30.82,,1.18,,,25.44,34.6,1.71,1.71,,1.39,6.22,51.56,9.44,13.5,8.26,,0.21,45.71,,10,198968695238.0,Medical Specialties,Health Technology
TMUS,14.25,53.77,1.3,0.9,,8.6,37.6,,3.4,54.77,0.4,18.51,51.81,1.45,0.25,0.05,0.91,20.22,70.81,21,4.17,1.75,,0.09,0.4,20.86,11.01,38.59,16.79,9.51,3.73,3.81,4.79,0.31,9.86,4.02,0.8,16.95,7.44,21.94,1.87,144.02,61.57,4.27,,10.59,,18.13,3,23.4,23.45,2.73,2.47,,1.66,2.17,,25.17,,1.71,,,10.54,47.68,2.96,4.93,,0.83,3.97,19.72,7.69,12.54,5.3,,6.47,47.42,,10,166974572480.0,Wireless Telecommunications,Communications
TSLA,13.33,39.52,,36.6,,48.4,172.3,14.6,42,61.25,,,45.14,10.24,1.01,3.04,1.73,63.59,69.02,11.63,0.65,0.15,,,,57.66,39.47,134.05,55.12,34.7,5.23,6.04,1.73,0.59,4.5,0.71,,59.17,20.59,27.34,18.58,381.96,18.25,56.99,,15.5,,9.19,9.84,44.91,67.21,1.16,6.87,,,,,153.11,5.45,0.9,,109.36,50.31,52.37,2.69,7.2,9.94,1.25,16.29,24.79,15.67,28.85,24.88,,,272.63,,4,870912365730.0001,Motor Vehicles,Consumer Durables
TSM,5.38,82.75,,21.6,,32.8,40.9,53,28.4,89.88,2.09,8.42,86.16,6.71,,,,121.37,122.59,16.51,0.89,0.28,,0.35,1.38,31.61,20.58,75.96,12.71,8.91,6.11,10.4,3.16,0.63,9.91,0.99,1.54,21.19,21.6,14.31,15.54,120.24,67.95,72.82,,38.79,,30.59,4.82,25.67,25.71,1.36,7.7,,1.08,3.21,,78.43,2.07,1.27,,,12.46,23.85,0.81,2.43,4.82,,16.02,24.95,15.75,26.24,15.35,,1.25,30.74,,10,452696929407.4219,Semiconductors,Electronic Technology
TTE,6.02,46.12,3.6,12,4.3,50.5,,88.8,29.4,48.7,5.43,4.7,46.91,1.82,0.38,0.68,1.12,50.04,88.81,39.39,0.96,0.43,,0.37,4.93,4.4,3.21,7.24,5.07,3.65,0.75,0.76,22.73,0.41,10.49,15.36,5.02,7.16,30.02,,,66.34,28.86,11.41,,9.78,,14.7,1.3,7.42,7.42,0.47,0.71,,,,,6.78,0.77,0.92,,,3.87,5.2,0.39,0.47,1.82,0.9,7.35,33.78,19.32,18.6,9.71,,15.55,16.12,,9,161488166828.70612,Integrated Oil,Energy Minerals
TXN,,47.76,0.4,23,10.5,8.4,4.5,,7.3,60.69,6,0.81,48.83,9.69,2.58,0.76,4.55,198.57,47.63,39.55,1.25,0.66,,0.71,3.13,19.09,16.46,109.95,28.54,21.89,9.86,8.47,5.24,0.52,7.7,0.91,3.2,32.47,14.88,10.38,1.81,160.56,62.9,20.77,,37.16,,41.85,8.74,23,23,2.58,8.49,,1,9.55,,110.24,3.5,1.17,,,23.13,36.24,2,2.01,11.98,3.35,21.51,66.3,28.41,41.05,32.96,,1.14,26.07,,10,147653476670.0,Semiconductors,Electronic Technology
UL,,64.13,1.1,15.2,2.7,7.6,1.1,,6.8,69.9,4.38,,66.81,3.29,0.25,0.22,0.79,53.4,100.59,39.63,2.04,1.5,,0.63,3.67,13.64,11.83,23.38,13.61,11.56,2.27,2.37,7.33,0.25,12.9,6.6,3.67,16.78,6.77,0.48,3.73,57.8,40.23,10.74,,13.62,,16.79,6.12,18.19,17.92,11.95,1.95,,1.21,1.27,,19.95,,0.84,,,15.58,11.6,,1.58,,0.57,10.34,114.3,22.77,42.68,11.74,,5.72,18.34,,10,127627240896.0664,Household/Personal Care,Consumer Non-Durables
UNH,10.84,50.89,0.7,13.8,14.7,13.7,16.2,9.4,14,61.89,2.94,7.22,54.69,3.31,0.3,0.47,0.79,,71.85,19.64,1.72,0.66,,0.29,1.41,15.88,14.15,20.01,14.22,12.98,1.28,1.38,6.3,0.35,6.91,5.36,1.45,18.62,16.88,12.8,7.18,596.98,24.48,9.97,,6.02,,8.71,5.08,21.74,20.89,1.54,1.31,,0.77,0.7,,19.01,2.17,1.17,,,16.8,19.44,1.64,1.39,5.08,0.79,8.2,309.76,19.41,26.62,10.74,,,33.33,,10,450832710654.0,Managed Health Care,Health Services
UNP,17.06,62.61,3.2,,10.3,8.6,10.5,,11.2,64.72,3.57,3.56,63.65,2.55,0.21,0.03,0.81,20.28,24.08,29.23,2.85,2.29,,0.52,2.08,19.27,15.51,38.64,18.93,15.2,7.47,7.65,5.19,0.22,19.79,3.14,2.08,22.17,11.03,5.3,3.67,244.0,43.65,6.78,,26.45,,37.66,10.28,23.85,24.86,3.36,6.3,,1.75,1.72,,31.86,3.37,1.22,,,18.18,26.99,3.24,2.07,10.28,0.81,9.63,16.58,15.76,47.89,10.67,,2.37,24.87,,10,130009196089.99998,Railroads,Transportation
UPS,,41.49,0.5,199,17.1,34.9,14.6,0.6,2.9,46.5,8.14,,42.01,3.58,0.34,0.23,1.1,4.64,33.63,42.65,2.1,1.54,,0.75,4.43,15.67,11.53,28.87,13.33,10.12,1.54,1.61,6.38,0.24,5.58,4.08,4.46,17.06,24.59,5.31,0.71,174.56,23.14,11.64,,7.38,,10.05,7.2,18.78,16.96,0.99,1.4,,1.06,1.38,,24.81,3.21,0.87,,,12.3,20.11,0.87,1.8,13.64,1.1,9.45,23.55,17.19,34.82,12.76,,4.64,19.22,,10,137130671852.00002,Air Freight/Couriers,Transportation
V,14.82,61.62,0.8,8.5,14.5,17,20.3,29.4,16.8,53.86,1.47,9.83,58.94,8.18,0.82,0.9,1.45,,16.77,24.76,0.87,0.52,,0.21,0.7,24.94,23.93,29.74,23.48,22.45,15.89,17.05,4.01,0.44,57.33,3.37,0.75,27.86,14.35,16.26,10.22,274.51,79.88,32.36,,53.92,,67.34,14.29,31.81,30.75,2.63,17.2,,1.28,0.96,,29.95,,1.09,,,28.34,96.23,2.59,2.31,,1.45,20.28,675.96,33.73,46.61,26.44,,3.13,50.91,,10,490664581454.0001,Miscellaneous Commercial Services,Commercial Services
VZ,,45.1,,10.3,2,,2.9,,0.9,18.82,7.32,19.35,36.41,1.15,0.04,0.01,0.69,14.58,58.19,64.97,4.36,1.89,,0.56,6.63,15.13,8.49,26.38,10.95,6.96,2.5,2.54,6.61,0.24,9.64,7.73,6.7,8.61,6.41,7.9,0.83,44.03,59.03,5.2,,8.67,,21.44,1.81,14.39,8.51,85.1,1.26,,,,,12.98,,0.78,,,4.46,93.26,,1.12,,0.65,3.05,16.88,6.85,12.37,5.5,,7.07,7.71,,10,142054516769.0,Wireless Telecommunications,Communications
WMT,12.57,69.26,1.2,2.1,1.9,,,,7,70.62,1.48,,71.63,4.76,0.12,0.17,0.85,45.1,42.69,4.61,1.87,0.88,,0.4,1.35,19.88,13.74,40.48,17.97,12.39,0.77,0.8,5.03,0.31,1.99,2.78,1.35,23.92,7.55,8.09,3.4,163.59,24.27,9.75,,2.55,,3.96,5.74,28.07,29.7,5.82,0.72,,,,,36.08,3.42,1.23,,,14.28,23.67,,2.03,8.86,0.23,6.52,21.29,17.05,21.42,10,,1.76,32.37,,10,443139049334.0,Specialty Stores,Retail Trade
XOM,,51.15,2.1,11.6,1.9,62.4,,,25.5,44.93,4.06,,50.3,4.66,0.48,0.76,1.48,35.51,78.02,40.87,0.56,0.2,,0.39,3.62,7.89,5.69,12.64,8.05,5.36,1.2,1.26,12.67,0.54,9.99,8.28,3.73,10.82,25.8,,,103.1,25.14,51.53,,10.76,,13.07,1.97,11.45,10.74,0.57,1.27,,,,,12.34,0.97,1.03,,,7.4,11.47,0.45,0.8,1.97,1.09,9.73,25.58,17.69,18.05,11.2,,8.75,18.34,,9,467172595840.0,Integrated Oil,Energy Minerals
